Workbook

Sheet Tong hop
A1: Ngay | B1: Thu | C1: San luong phat (MWh) | D1: Tu dung ban dem (MWh) | E1: San luong rong (MWh) | F1: Cong suat dinh (MW) | G1: Gio dat dinh | H1: He so tai | I1: Chi so troi quang trung binh | J1: Tan giua cac nguon (MWh)
A2: 46243 | B2: Chu nhat | C2: =SUMIF('Chi tiet 15 phut'!F2:F97,">0") | D2: =SUMIF('Chi tiet 15 phut'!F2:F97,"<0") | E2: =C2+D2 | F2: =MAX('Chi tiet 15 phut'!E2:E97) | G2: =INDEX('Chi tiet 15 phut'!$B$2:$B$97,MATCH(F2,'Chi tiet 15 phut'!$E$2:$E$97,0)) | H2: =C2/('Thong tin'!$B$5*24) | I2: =IFERROR(AVERAGEIF('Chi tiet 15 phut'!$D$2:$D$97,">0.001"),0) | J2: 87.6
B3: Tong | C3: =SUM(C2:C2) | D3: =SUM(D2:D2) | E3: =SUM(E2:E2)
A5: Moi con so trong bang nay la cong thuc tro ve trang 'Chi tiet 15 phut'; he so tai chia cho cong suat dat o trang 'Thong tin' o B5. Sua bang chi tiet thi bang nay tu doi theo.
A6: San luong phat = tong cac o co cong suat duong. Tu dung ban dem = tong cac o am, la muc cong suat nen ban dem uoc luong tu chinh so lieu nha may. He so tai tinh theo san luong PHAT de khop voi con so hien tren giao dien web.
A7: Tan giua cac nguon la khoang cach giua mo hinh thoi tiet cho san luong cao nhat va thap nhat. Tan rong = ngay kho du bao, khong phai ngay it nang.

Sheet Thong tin
A1: Du bao cong suat nha may Fujiwara
A2: 13,8634 do B - 109,2708 do D - 50 MWp mot chieu / 40 MW xoay chieu
A4: Gia dinh dung trong cong thuc
A5: Cong suat dat xoay chieu (MW) | B5: 40
A6: Buoc thoi gian (gio) | B6: 0.25
A7: (chu xanh = gia tri nhap tay, sua o day thi ca tep doi theo)
A9: Mo hinh du bao cong suat
A10: Thuat toan | B10: Gradient Boosting
A11: Tep mo hinh | B11: nha_may_gbm_khong_nhiet.joblib
A12: Huan luyen luc (UTC) | B12: 2026-08-07 16:13:33
A13: Hoc tu so o ban ngay | B13: 16883
A14: Pham vi du lieu hoc | B14: 2025-07-12 -> 2026-07-17
A15: Bien dau vao | B15: ghi_wm2, sol_elev, sol_ha, ghi_ngoai_kq
A16: Van tay du lieu | B16: c29753f06ecad322af9572a39d7e008464590781edb720ddfbd9a7f7ef2bdd83
A17: Trang thai phe duyet | B17: da_ghi_nhan_CHUA_phe_duyet
A18: Du lieu da doi tu luc hoc | B18: khong
A20: Nguon du bao thoi tiet
A21: ECMWF IFS 0.25 do | B21: dung
A22: NOAA GFS | B22: dung
A23: DWD ICON | B23: dung
A24: ECMWF AIFS (AI) | B24: dung
A25: Hop nhat bang | B25: trung vi giua cac mo hinh
A26: Lech tam ngay do duoc (phut) | B26: 56
A28: CANH BAO QUAN TRONG
A29: Day la du bao dua tren buc xa cua mo hinh thoi tiet (NWP), khong phai buc xa do duoc.
A30: Chi so NMAE cua phan danh gia qua khu duoc cham bang buc xa DO DUOC, nen no la tran
A31: cua khau doi buc xa sang cong suat -- KHONG phai sai so cua bang du bao nay.
A32: Sai so that chi biet duoc sau khi so voi so lieu SCADA cua chinh nhung ngay nay.
A34: CANH BAO: Buc xa NWP lech +56 phut so voi hinh hoc mat troi -- co the sai quy uoc nhan thoi gian cua Open-Meteo.
A36: Xuat luc 08/08/2026 07:58 - nguon buc xa: Open-Meteo (CC BY 4.0)

Sheet Chi tiet 15 phut
A1: Ngay | B1: Gio | C1: Buc xa du bao (W/m2) | D1: Chi so troi quang | E1: Cong suat du bao (MW) | F1: San luong o (MWh)
A2: 46243 | B2: 00:00 | C2: 0 | D2: 0 | E2: 0.072 | F2: =E2*'Thong tin'!$B$6
A3: 46243 | B3: 00:15 | C3: 0 | D3: 0 | E3: 0.072 | F3: =E3*'Thong tin'!$B$6
A4: 46243 | B4: 00:30 | C4: 0 | D4: 0 | E4: 0.072 | F4: =E4*'Thong tin'!$B$6
A5: 46243 | B5: 00:45 | C5: 0 | D5: 0 | E5: 0.072 | F5: =E5*'Thong tin'!$B$6
A6: 46243 | B6: 01:00 | C6: 0 | D6: 0 | E6: 0.072 | F6: =E6*'Thong tin'!$B$6
A7: 46243 | B7: 01:15 | C7: 0 | D7: 0 | E7: 0.072 | F7: =E7*'Thong tin'!$B$6
A8: 46243 | B8: 01:30 | C8: 0 | D8: 0 | E8: 0.072 | F8: =E8*'Thong tin'!$B$6
A9: 46243 | B9: 01:45 | C9: 0 | D9: 0 | E9: 0.072 | F9: =E9*'Thong tin'!$B$6
A10: 46243 | B10: 02:00 | C10: 0 | D10: 0 | E10: 0.072 | F10: =E10*'Thong tin'!$B$6
A11: 46243 | B11: 02:15 | C11: 0 | D11: 0 | E11: 0.072 | F11: =E11*'Thong tin'!$B$6
A12: 46243 | B12: 02:30 | C12: 0 | D12: 0 | E12: 0.072 | F12: =E12*'Thong tin'!$B$6
A13: 46243 | B13: 02:45 | C13: 0 | D13: 0 | E13: 0.072 | F13: =E13*'Thong tin'!$B$6
... A97: 46243 | B97: 23:45 | C97: 0 | D97: 0 | E97: 0.072 | F97: =E97*'Thong tin'!$B$6

Sheet Theo nguon thoi tiet
A1: Ngay | B1: Thu | C1: ECMWF IFS 0.25 do | D1: NOAA GFS | E1: DWD ICON | F1: ECMWF AIFS (AI) | G1: Trung vi (dung)
A2: 46243 | B2: Chu nhat | C2: 92.5 | D2: 72.3 | E2: 159.9 | F2: 159.4 | G2: ='Tong hop'!C2
A4: San luong ngay neu chi dung rieng tung nguon thoi tiet. Con so dung trong bao cao la cot Trung vi -- trung vi khong bi mot nguon chay sai keo di, khac voi trung binh cong.
